{
    "count": 161.0,
    "mean": 5115779.051987578,
    "std": 2855454.2394372793,
    "min": 79763.12,
    "25%": 2820143.74,
    "50%": 5031689.68,
    "75%": 7719756.54,
    "max": 9882808.96
}