{
    "count": 89.0,
    "mean": 317.7303370786517,
    "std": 123.81573222525479,
    "min": 105.0,
    "25%": 202.0,
    "50%": 327.0,
    "75%": 419.0,
    "max": 499.0
}