{
    "count": 2333.0,
    "mean": 256025.44577796827,
    "std": 141572.67359932215,
    "min": 10096.0,
    "25%": 129898.0,
    "50%": 255410.0,
    "75%": 381644.0,
    "max": 499732.0
}