{
    "count": 3613.0,
    "mean": 503475.69415997784,
    "std": 284951.6225915182,
    "min": 1010.0,
    "25%": 257337.0,
    "50%": 507868.0,
    "75%": 746959.0,
    "max": 999852.0
}